<?xml version="1.0" encoding="UTF-8"?>
<beans xmlns="http://www.springframework.org/schema/beans"
	xmlns:xsi="http://www.w3.org/2001/XMLSchema-instance"
	xmlns:context="http://www.springframework.org/schema/context"
	xmlns:tx="http://www.springframework.org/schema/tx"
	xmlns:mybatis-spring="http://mybatis.org/schema/mybatis-spring"
	xsi:schemaLocation="http://mybatis.org/schema/mybatis-spring http://mybatis.org/schema/mybatis-spring-1.2.xsd
		http://www.springframework.org/schema/beans http://www.springframework.org/schema/beans/spring-beans.xsd
		http://www.springframework.org/schema/context http://www.springframework.org/schema/context/spring-context-4.0.xsd
		http://www.springframework.org/schema/tx http://www.springframework.org/schema/tx/spring-tx-4.0.xsd">
	
	
	<!-- 数据源 -->
	<context:property-placeholder location="classpath:db.properties"/>
	<!-- Mysql
	<bean id="dataSource" class="com.mchange.v2.c3p0.ComboPooledDataSource">
		<property name="driverClass" value="${jdbc.driver}"></property>
		<property name="jdbcUrl" value="${jdbc.url}"></property>
		<property name="user" value="${jdbc.username}"></property>
		<property name="password" value="${jdbc.password}"></property>
	</bean>
	 -->
	 <!-- Oracle -->
	<bean id="dataSource" class="com.mchange.v2.c3p0.ComboPooledDataSource">
		<property name="driverClass" value="${orcl.driver}"></property>
		<property name="jdbcUrl" value="${orcl.url}"></property>
		<property name="user" value="${orcl.username}"></property>
		<property name="password" value="${orcl.password}"></property>
	</bean>
	
	<!-- 事务管理器 -->
	<bean id="dataSourceTransactionManager" 
		class="org.springframework.jdbc.datasource.DataSourceTransactionManager">
		<property name="dataSource" ref="dataSource"></property>
	</bean>
	<!-- 基于注解的事务管理 -->
	<tx:annotation-driven transaction-manager="dataSourceTransactionManager"/>
	
	
	<!--  配置SqlSessionFactoryBean 
		Mybatis提供的: org.mybatis.spring.SqlSessionFactoryBean
		MP提供的:com.baomidou.mybatisplus.spring.MybatisSqlSessionFactoryBean
	 -->
	<bean id="sqlSessionFactoryBean" class="com.baomidou.mybatisplus.spring.MybatisSqlSessionFactoryBean">
		<!-- 数据源 -->
		<property name="dataSource" ref="dataSource"></property>
		<property name="configLocation" value="classpath:mybatis-config.xml"></property>
		<!-- 别名处理 -->
		<property name="typeAliasesPackage" value="com.atguigu.mp.beans"></property>		
		
		<!-- 注入全局MP策略配置 -->
		<property name="globalConfig" ref="globalConfiguration"></property>
		
		<!-- 插件注册 -->
		<property name="plugins">
			<list>
				<!-- 注册分页插件 -->
				<bean class="com.baomidou.mybatisplus.plugins.PaginationInterceptor"></bean>
				
				<!-- 注册执行分析插件
				<bean class="com.baomidou.mybatisplus.plugins.SqlExplainInterceptor">
					<property name="stopProceed" value="true"></property>
				</bean>
				 -->
				<!-- 注册性能分析插件 -->
				<bean class="com.baomidou.mybatisplus.plugins.PerformanceInterceptor">
					<property name="format" value="true"></property>
					<!-- <property name="maxTime" value="5"></property> -->
				</bean>
				
				<!-- 注册乐观锁插件 -->
				<bean class="com.baomidou.mybatisplus.plugins.OptimisticLockerInterceptor">
				</bean>
			
			</list>
			
		</property>
		
	</bean>
	
	<!-- 定义MybatisPlus的全局策略配置-->
	<bean id ="globalConfiguration" class="com.baomidou.mybatisplus.entity.GlobalConfiguration">
		<!-- 在2.3版本以后，dbColumnUnderline 默认值就是true -->
		<property name="dbColumnUnderline" value="true"></property>
		
		<!-- Mysql 全局的主键策略 -->
		<!-- <property name="idType" value="0"></property> -->
		
		<!-- Oracle全局主键策略 -->
		<property name="idType" value="1"></property>
		
		<!-- 全局的表前缀策略配置 -->
		<property name="tablePrefix" value="tbl_"></property>
		
		<!--注入自定义全局操作 
		<property name="sqlInjector" ref="mySqlInjector"></property>
	 	-->
	 	<!-- 注入逻辑删除 -->
	 	<property name="sqlInjector" ref="logicSqlInjector"></property>
	 	
	 	<!-- 注入逻辑删除全局值 -->
	 	<property name="logicDeleteValue" value = "-1"></property>
	 	<property name="logicNotDeleteValue" value="1"></property>
	 	
	 	<!-- 注入公共字段填充处理器 -->
	 	<property name="metaObjectHandler" ref="myMetaObjectHandler"></property>
	 	
	 	<!-- 注入Oracle主键Sequence -->
	 	<property name="keyGenerator" ref="oracleKeyGenerator"></property>
	</bean>
	
	
	<!-- 定义自定义注入器 -->
	<bean id="mySqlInjector" class="com.atguigu.mp.injector.MySqlInjector"></bean>
	
	<!-- 逻辑删除 -->
	<bean id="logicSqlInjector" class="com.baomidou.mybatisplus.mapper.LogicSqlInjector"></bean>
	
	<!-- 公共字段填充 处理器 -->
	<bean id="myMetaObjectHandler" class="com.atguigu.mp.metaObjectHandler.MyMetaObjectHandler"> </bean>
	
	<!-- 配置Oracle主键Sequence -->
	<bean id="oracleKeyGenerator" class="com.baomidou.mybatisplus.incrementer.OracleKeyGenerator"></bean>
	
	<!-- 
		配置mybatis 扫描mapper接口的路径
	 -->
	<bean class="org.mybatis.spring.mapper.MapperScannerConfigurer">
		<property name="basePackage" value="com.atguigu.mp.mapper"></property>
	</bean>
	
	
</beans>
